<?xml version = "1.0" encoding = "UTF-8"?>
<configuration>
    <appender name="STDOUT"
        class="ch.qos.logback.core.ConsoleAppender">
        <encoder>
            <pattern>[%d{yyyy-MM-dd'T'HH:mm:ss.sss'Z'}] [%C] [%t] [%L] [%-5p]
                %m%n</pattern>
        </encoder>
    </appender>

 

    <appender name="FILE" class="ch.qos.logback.core.FileAppender">
        <File>C:/LoggingForSpringboot/application.log</File>
        <encoder>
            <pattern>[%d{yyyy-MM-dd'T'HH:mm:ss.sss'Z'}] [%C] [%t] [%L] [%-5p]
                %m%n</pattern>
        </encoder>
    </appender>

    <appender name="RollingFile"
        class="ch.qos.logback.core.rolling.RollingFileAppender">
        <file>C:/LoggingForSpringboot/archived/spring-boot-logger.log</file>
        <encoder
            class="ch.qos.logback.classic.encoder.PatternLayoutEncoder">
            <Pattern>%d %p %C{1.} [%t] %m%n</Pattern>
        </encoder>
 
        <rollingPolicy
            class="ch.qos.logback.core.rolling.TimeBasedRollingPolicy">
            <!-- rollover daily and when the file reaches 10 MegaBytes -->
            <fileNamePattern>C:/LoggingForSpringboot/archived/spring-boot-logger-%d{yyyy-MM-dd}.%i.log
            </fileNamePattern>
            <timeBasedFileNamingAndTriggeringPolicy
                class="ch.qos.logback.core.rolling.SizeAndTimeBasedFNATP">
                <maxFileSize>10MB</maxFileSize>
            </timeBasedFileNamingAndTriggeringPolicy>
        </rollingPolicy>
    </appender>
 

    <root level="INFO">
        <appender-ref ref="FILE" />
        <appender-ref ref="STDOUT" />
    </root>
    
    <logger name="com.cts" level="debug">
       <appender-ref ref="RollingFile" />
    </logger>
    
</configuration>